{
  "project_info": {
    "project_number": "1092800483465",
    "project_id": "dmfb02-16cc6",
    "storage_bucket": "dmfb02-16cc6.appspot.com"
  },
  "client": [
    {
      "client_info": {
        "mobilesdk_app_id": "1:1092800483465:android:f178a4df3bff08a9be7658",
        "android_client_info": {
          "package_name": "com.example.fb02"
        }
      },
      "oauth_client": [],
      "api_key": [
        {
          "current_key": "AIzaSyBtZiA050IYNjUyM05C7IIb9YI9gw9dzZ0"
        }
      ],
      "services": {
        "appinvite_service": {
          "other_platform_oauth_client": []
        }
      }
    }
  ],
  "configuration_version": "1"
}